timestamp,update,policy_loss,value_loss,entropy,kl_div,returns_mean,advantages_mean,batch_size,epochs_completed,entropy_coef,exploration_boosted,best_return,updates_since_improvement
2025-11-16T18:09:42.260596,7831,-0.0004717944248113781,6.028384685516357,0.31364065408706665,0.0012918375432491302,482.4674072265625,-8.910370752346353e-08,1081,1,0.02,False,482.4674072265625,0
2025-11-16T18:09:44.068559,7832,-0.0009157482418231666,1.5568621158599854,0.2796194553375244,0.002542546484619379,174.34130859375,4.207386794519152e-08,1088,1,0.02,False,482.4674072265625,1
2025-11-16T18:09:46.112878,7833,0.0005072544445283711,0.9746391177177429,0.22123830020427704,0.003090750891715288,149.49798583984375,4.4960167144836305e-08,1103,1,0.02,False,482.4674072265625,2
2025-11-16T18:09:48.149388,7834,-0.0014835218898952007,0.9021843075752258,0.22432656586170197,0.0031123319640755653,166.947509765625,-1.3721932923260738e-08,1112,1,0.02,False,482.4674072265625,3
2025-11-16T18:09:50.186627,7835,-0.0031458751764148474,0.3825766444206238,0.2577577531337738,0.007267664186656475,111.20855712890625,6.488741632892925e-08,1117,1,0.02,False,482.4674072265625,4
2025-11-16T18:09:52.224521,7836,-0.0011205157497897744,0.32575690746307373,0.2253323644399643,0.002113787457346916,126.20297241210938,-1.3515313312950639e-08,1129,1,0.02,False,482.4674072265625,5
2025-11-16T18:09:54.258879,7837,0.001109987497329712,0.9091476798057556,0.23965483903884888,0.001758668920956552,172.55262756347656,-4.971369094164402e-09,1151,1,0.02,False,482.4674072265625,6
2025-11-16T18:09:56.043635,7838,-0.001232603914104402,0.7958407998085022,0.23264122009277344,0.006795927882194519,146.1719512939453,2.9231395970441554e-08,1044,1,0.02,False,482.4674072265625,7
2025-11-16T18:09:57.828450,7839,-0.002468803199008107,0.1352338045835495,0.20911093056201935,0.004945177584886551,89.45237731933594,0.0,1069,1,0.02,False,482.4674072265625,8
2025-11-16T18:09:59.614169,7840,-0.0012573492713272572,0.45244693756103516,0.21531587839126587,0.001795171177946031,148.01515197753906,0.0,1112,1,0.02,False,482.4674072265625,9
2025-11-16T18:10:01.406689,7841,-0.0027256032917648554,0.3868708312511444,0.22423331439495087,0.0049608428962528706,102.10505676269531,5.4583008335384875e-08,1092,1,0.02,False,482.4674072265625,10
2025-11-16T18:10:03.214981,7842,-0.002118896460160613,0.1754446178674698,0.2152206003665924,0.0036100028082728386,83.25798797607422,4.2424808555097115e-08,1079,1,0.02,False,482.4674072265625,11
2025-11-16T18:10:05.005646,7843,-0.002885154914110899,0.1585177630186081,0.23235255479812622,0.006087490823119879,71.74504852294922,6.5544627503300035e-09,1164,1,0.02,False,482.4674072265625,12
2025-11-16T18:10:07.039208,7844,-0.004342038184404373,0.17076820135116577,0.2104811817407608,0.006310469005256891,92.33040618896484,-2.6793308904871083e-08,1139,1,0.02,False,482.4674072265625,13
2025-11-16T18:10:08.820344,7845,-0.0037309841718524694,0.15165546536445618,0.22715555131435394,0.005352216772735119,85.8883056640625,6.062877844215109e-08,1164,1,0.02,False,482.4674072265625,14
2025-11-16T18:10:10.358803,7846,-0.002548071788623929,0.3989115357398987,0.2062343955039978,0.008955420926213264,211.87966918945312,-2.849151492512192e-08,1205,1,0.02,False,482.4674072265625,15
2025-11-16T18:10:11.641401,7847,0.0004183246346656233,0.1543867439031601,0.2752859890460968,0.001943772193044424,99.66002655029297,-2.5334800923815237e-08,1054,1,0.02,False,482.4674072265625,16
2025-11-16T18:10:13.175694,7848,-0.002138410694897175,0.16599559783935547,0.26158788800239563,0.006453973241150379,114.22262573242188,-6.310500122452822e-09,1209,1,0.02,False,482.4674072265625,17
2025-11-16T18:10:14.713468,7849,-0.002714528003707528,0.17861855030059814,0.22785137593746185,0.00707227224484086,64.28176879882812,1.1314780223870002e-08,1180,1,0.02,False,482.4674072265625,18
2025-11-16T18:10:16.255166,7850,-0.004857268184423447,0.13161417841911316,0.22420276701450348,0.012513585388660431,110.80363464355469,-3.160478456720739e-08,1207,1,0.02,False,482.4674072265625,19
2025-11-16T18:10:17.788601,7851,-0.0011316268937662244,0.13032473623752594,0.2586459517478943,0.007963431067764759,93.87721252441406,1.9185401711752093e-08,1193,1,0.02,False,482.4674072265625,20
2025-11-16T18:10:19.339409,7852,-0.007206202019006014,0.1318802386522293,0.21751122176647186,0.008539696224033833,68.17488098144531,2.6816852738420494e-08,1138,1,0.02,False,482.4674072265625,21
2025-11-16T18:10:20.874719,7853,-0.0024118730798363686,0.10111632943153381,0.22364602982997894,0.006537412293255329,64.08490753173828,-1.2964136431037332e-08,1177,1,0.02,False,482.4674072265625,22
2025-11-16T18:10:22.411237,7854,-0.002471668180078268,0.18018516898155212,0.2349875271320343,0.010724002495408058,73.46756744384766,-1.928237836068547e-08,1187,1,0.02,False,482.4674072265625,23
2025-11-16T18:10:23.697006,7855,-0.0012707264395430684,0.12899014353752136,0.24560214579105377,0.003730227705091238,126.95318603515625,-2.479088401230456e-08,1231,1,0.02,False,482.4674072265625,24
2025-11-16T18:10:24.983190,7856,0.0010638966923579574,0.10328621417284012,0.25128769874572754,0.00391270499676466,109.72559356689453,6.379092365449424e-09,1196,1,0.02,False,482.4674072265625,25
2025-11-16T18:10:26.515525,7857,-0.0016258638352155685,0.132431760430336,0.22563345730304718,0.005358839873224497,138.9871063232422,-7.269100166240605e-08,1207,1,0.02,False,482.4674072265625,26
2025-11-16T18:10:28.052586,7858,-0.0034565178211778402,0.7410008311271667,0.2507724463939667,0.007366642355918884,239.35049438476562,1.2569018714714275e-08,1214,1,0.02,False,482.4674072265625,27
2025-11-16T18:10:29.587832,7859,-0.004001496359705925,0.0962698832154274,0.2607768774032593,0.010341419838368893,134.0155792236328,-1.3291628242484421e-08,1148,1,0.02,False,482.4674072265625,28
2025-11-16T18:10:31.124933,7860,0.00032926740823313594,0.1452840119600296,0.27229928970336914,0.004615160170942545,187.0631561279297,-3.730358599796091e-08,1176,1,0.02,False,482.4674072265625,29
2025-11-16T18:10:32.662326,7861,-0.0015647035324946046,0.1269979178905487,0.2406492680311203,0.0032455960754305124,132.988037109375,-1.4901161193847656e-08,1216,1,0.02,False,482.4674072265625,30
2025-11-16T18:10:34.194466,7862,-0.0018347450532019138,0.06415361166000366,0.24949456751346588,0.0035772339906543493,120.7530746459961,1.3788061892228143e-07,1162,1,0.02,False,482.4674072265625,31
2025-11-16T18:10:35.481240,7863,-0.0014969079056754708,0.15240120887756348,0.2768489420413971,0.004046369809657335,200.25390625,0.0,1179,1,0.02,False,482.4674072265625,32
2025-11-16T18:10:36.766492,7864,-0.00208567944355309,0.044868361204862595,0.26409393548965454,0.005195623263716698,76.46302795410156,0.0,1049,1,0.02,False,482.4674072265625,33
2025-11-16T18:10:38.049591,7865,-0.0023419572971761227,0.41761884093284607,0.22142311930656433,0.003281995886936784,250.7152557373047,-5.6342184251434446e-08,1151,1,0.02,False,482.4674072265625,34
2025-11-16T18:10:39.337413,7866,-0.0036373601760715246,0.05233072489500046,0.22908124327659607,0.007467128802090883,87.87130737304688,3.547055626995643e-08,1183,1,0.02,False,482.4674072265625,35
2025-11-16T18:10:40.619454,7867,-0.0025077362079173326,0.08184898644685745,0.26413363218307495,0.00459707947447896,106.76245880126953,7.399994839119017e-09,1031,1,0.02,False,482.4674072265625,36
2025-11-16T18:10:41.904494,7868,-0.0012780994875356555,0.06037283316254616,0.2741279602050781,0.0029446471016854048,101.7928466796875,2.1986727105627324e-08,1041,1,0.02,False,482.4674072265625,37
2025-11-16T18:10:43.442256,7869,-0.001748907146975398,0.08042836934328079,0.27356529235839844,0.00511851767078042,124.60758972167969,-3.0024544628304284e-08,1207,1,0.02,False,482.4674072265625,38
2025-11-16T18:10:44.986760,7870,-0.0028823113534599543,0.04010389372706413,0.26836442947387695,0.006829501129686832,68.9218978881836,5.26165138126089e-08,1160,1,0.02,False,482.4674072265625,39
2025-11-16T18:10:46.526665,7871,0.0002698953030630946,0.05725293979048729,0.2992585599422455,0.0038560961838811636,84.45867919921875,0.0,1221,1,0.02,False,482.4674072265625,40
2025-11-16T18:10:48.063272,7872,-0.002909403992816806,0.04221314936876297,0.2556060254573822,0.005821402184665203,88.48193359375,3.8210657749004895e-08,1198,1,0.02,False,482.4674072265625,41
2025-11-16T18:10:49.598182,7873,-0.0024281819351017475,0.04318897798657417,0.23718306422233582,0.005579475313425064,80.61538696289062,-1.6339724595582084e-07,1214,1,0.02,False,482.4674072265625,42
2025-11-16T18:10:50.884367,7874,-0.0012539434246718884,0.054194070398807526,0.23802661895751953,0.0027532828971743584,103.7919692993164,7.428816672927496e-09,1027,1,0.02,False,482.4674072265625,43
2025-11-16T18:10:52.422724,7875,-0.0016739009879529476,0.09084367752075195,0.2283915877342224,0.003426467766985297,115.09977722167969,-2.8049244704675402e-08,1224,1,0.02,False,482.4674072265625,44
2025-11-16T18:10:53.959220,7876,-0.0029302448965609074,0.0613676980137825,0.24253323674201965,0.005558010656386614,107.70475006103516,6.432878763007466e-08,1186,1,0.02,False,482.4674072265625,45
2025-11-16T18:10:55.240975,7877,-0.0030731302686035633,0.02335181273519993,0.25189605355262756,0.00604797201231122,74.04339599609375,3.6551977444787553e-08,1148,1,0.02,False,482.4674072265625,46
2025-11-16T18:10:56.527012,7878,-0.00255250814370811,0.17734676599502563,0.26261743903160095,0.004416235256940126,207.86032104492188,3.090213951395526e-08,1111,1,0.02,False,482.4674072265625,47
2025-11-16T18:10:57.814297,7879,-0.0010498532792553306,0.04163025692105293,0.2428431212902069,0.003411757294088602,80.93651580810547,3.876068177532943e-08,1181,1,0.02,False,482.4674072265625,48
2025-11-16T18:10:59.108269,7880,-0.0010628056479617953,0.3025362491607666,0.25811567902565,0.002915313234552741,188.12289428710938,-3.0664768502219886e-08,1244,1,0.02,False,482.4674072265625,49
2025-11-16T18:11:00.396356,7881,-0.002451519947499037,0.04853765666484833,0.3287452757358551,0.00569329084828496,59.52684783935547,2.7972115290708643e-08,1091,1,0.02,False,482.4674072265625,50
2025-11-16T18:11:01.937337,7882,-0.002384066814556718,0.03948671743273735,0.23381009697914124,0.004722791723906994,95.35991668701172,-4.8948212594268625e-08,1169,1,0.02,False,482.4674072265625,51
2025-11-16T18:11:03.227013,7883,-0.002887850860133767,0.13957571983337402,0.24497851729393005,0.005101987160742283,136.72607421875,-1.4181030572046893e-08,1076,1,0.02,False,482.4674072265625,52
2025-11-16T18:11:04.513444,7884,-0.0024640033952891827,0.05005660653114319,0.23890681564807892,0.004860342480242252,100.74882507324219,-1.1440823399766487e-08,1167,1,0.02,False,482.4674072265625,53
2025-11-16T18:11:05.796774,7885,-0.0008810998406261206,0.060473326593637466,0.2540603578090668,0.0024206573143601418,103.38739776611328,7.040548410941483e-08,1192,1,0.02,False,482.4674072265625,54
2025-11-16T18:11:07.330154,7886,-0.0009881439618766308,0.08468043059110641,0.25268223881721497,0.0046915328130126,134.22271728515625,-1.0283935125698918e-07,1187,1,0.02,False,482.4674072265625,55
2025-11-16T18:11:08.866304,7887,-0.0015297036152333021,0.10477219521999359,0.19931988418102264,0.0017465556738898158,117.2102279663086,5.920461276787137e-08,1192,1,0.02,False,482.4674072265625,56
2025-11-16T18:11:10.402939,7888,-0.0029355804435908794,0.03454549238085747,0.20890414714813232,0.005390755832195282,80.82410430908203,8.137152462950326e-08,1172,1,0.02,False,482.4674072265625,57
2025-11-16T18:11:11.939745,7889,-0.0019359149737283587,0.06092367321252823,0.23287394642829895,0.005815534852445126,90.03459930419922,1.2758184730898847e-08,1196,1,0.02,False,482.4674072265625,58
2025-11-16T18:11:13.477986,7890,-0.0012149261310696602,0.0731968805193901,0.25170043110847473,0.004522150848060846,91.07648468017578,1.2942145133365557e-08,1179,1,0.02,False,482.4674072265625,59
2025-11-16T18:11:15.014526,7891,-0.0032415674068033695,0.021586518734693527,0.2770436704158783,0.006797569338232279,53.49315643310547,-1.2631447887656577e-08,1208,1,0.02,False,482.4674072265625,60
2025-11-16T18:11:16.305866,7892,-0.0020583472214639187,0.08741090446710587,0.22136352956295013,0.004634498618543148,135.72962951660156,1.2715657859985185e-08,1200,1,0.02,False,482.4674072265625,61
2025-11-16T18:11:17.592814,7893,-0.0007440875633619726,0.16065604984760284,0.2527332305908203,0.0025063545908778906,155.22219848632812,5.120399038105461e-08,1192,1,0.02,False,482.4674072265625,62
2025-11-16T18:11:18.883066,7894,-0.002324765780940652,0.09286446869373322,0.265595942735672,0.0051299347542226315,115.7632064819336,5.717281581496536e-08,1201,1,0.02,False,482.4674072265625,63
2025-11-16T18:11:20.173070,7895,-0.0025909789837896824,0.06584719568490982,0.2676253914833069,0.0067331925965845585,83.52996826171875,1.3165478485177573e-08,1159,1,0.02,False,482.4674072265625,64
2025-11-16T18:11:21.456742,7896,-0.002102334052324295,0.03162301704287529,0.20118115842342377,0.0053628673776984215,71.01374053955078,7.564555204453427e-08,1059,1,0.02,False,482.4674072265625,65
2025-11-16T18:11:22.746642,7897,-0.0036199106834828854,0.05823400989174843,0.25255072116851807,0.005237167235463858,95.18507385253906,1.0347280365863298e-08,1106,1,0.02,False,482.4674072265625,66
2025-11-16T18:11:24.030733,7898,-0.0023949064780026674,0.09632558375597,0.2109268456697464,0.003049983410164714,126.18655395507812,-3.5029359413130123e-09,1089,1,0.02,False,482.4674072265625,67
2025-11-16T18:11:25.317654,7899,-0.0024984024930745363,0.05634273588657379,0.21664606034755707,0.004685571417212486,88.67462921142578,-6.8180470158552e-09,1119,1,0.02,False,482.4674072265625,68
2025-11-16T18:11:26.606553,7900,-0.0005500147235579789,0.04896523803472519,0.2253086268901825,0.004082731902599335,99.00605773925781,9.727825300842596e-08,1098,1,0.02,False,482.4674072265625,69
2025-11-16T18:11:27.893510,7901,-0.002582500223070383,0.06259006261825562,0.24744586646556854,0.004507935140281916,100.72467041015625,-2.060142634263684e-08,1111,1,0.02,False,482.4674072265625,70
2025-11-16T18:11:29.180034,7902,-0.002149363746866584,0.09151913970708847,0.22304625809192657,0.0038817357271909714,114.27989959716797,3.461612863020491e-08,1102,1,0.02,False,482.4674072265625,71
2025-11-16T18:11:30.713049,7903,-0.0015514480182901025,0.0736599937081337,0.24836188554763794,0.0031512114219367504,102.47067260742188,0.0,1186,1,0.02,False,482.4674072265625,72
2025-11-16T18:11:32.246499,7904,-0.0024255935568362474,0.08373519778251648,0.243106871843338,0.006591860670596361,134.11036682128906,-6.299499943906994e-08,1090,1,0.02,False,482.4674072265625,73
2025-11-16T18:11:33.779032,7905,-0.003507664892822504,0.049938637763261795,0.2163315713405609,0.005890436936169863,84.3834228515625,6.449192291313466e-09,1183,1,0.02,False,482.4674072265625,74
2025-11-16T18:11:35.066590,7906,-0.0020784959197044373,0.060990139842033386,0.252414733171463,0.004692265763878822,85.01084899902344,-5.169967209894821e-08,1033,1,0.02,False,482.4674072265625,75
2025-11-16T18:11:36.359953,7907,-0.0028007077053189278,0.07307571172714233,0.24642540514469147,0.0042342934757471085,88.77559661865234,-3.832949246884709e-08,1045,1,0.02,False,482.4674072265625,76
2025-11-16T18:11:37.901952,7908,-0.0013192737242206931,0.1024520993232727,0.21375876665115356,0.0035537939984351397,65.71044158935547,-8.572353493718765e-08,1157,1,0.02,False,482.4674072265625,77
2025-11-16T18:11:39.185849,7909,-0.0005178338033147156,0.1281915307044983,0.2228250503540039,0.0029682789463549852,107.20719146728516,9.440589110454312e-08,1091,1,0.02,False,482.4674072265625,78
2025-11-16T18:11:40.478719,7910,-0.0027281693182885647,0.060195524245500565,0.23445364832878113,0.007346212398260832,80.168212890625,-2.493266215708445e-08,1071,1,0.02,False,482.4674072265625,79
2025-11-16T18:11:41.763632,7911,-0.0020763876382261515,0.04871703311800957,0.20050030946731567,0.004601946100592613,64.71174621582031,1.8010846147831217e-09,1059,1,0.02,False,482.4674072265625,80
2025-11-16T18:11:43.055193,7912,-0.002225203439593315,0.05200957879424095,0.24515460431575775,0.00482125673443079,102.48922729492188,5.991671514493646e-08,1146,1,0.02,False,482.4674072265625,81
2025-11-16T18:11:44.340906,7913,-0.00239970488473773,0.15958461165428162,0.27192211151123047,0.004819737747311592,126.95707702636719,5.5212723282238585e-08,1140,1,0.02,False,482.4674072265625,82
2025-11-16T18:11:45.628461,7914,-0.002257276326417923,0.045665234327316284,0.2559242844581604,0.004886139649897814,78.07899475097656,-9.977412673833896e-09,1147,1,0.02,False,482.4674072265625,83
2025-11-16T18:11:47.172152,7915,-0.0028624520637094975,0.04418428614735603,0.2372312992811203,0.004681830294430256,89.79288482666016,0.0,1143,1,0.02,False,482.4674072265625,84
2025-11-16T18:11:48.460003,7916,-0.0013567146379500628,0.20965507626533508,0.27337515354156494,0.0038523778785020113,131.8826446533203,6.94911292953293e-08,1043,1,0.02,False,482.4674072265625,85
2025-11-16T18:11:50.001465,7917,-0.002740258816629648,0.031148826703429222,0.23558567464351654,0.004700009245425463,73.8580551147461,-7.885679309538318e-08,1161,1,0.02,False,482.4674072265625,86
2025-11-16T18:11:51.542774,7918,-0.002808835357427597,0.0797307938337326,0.24681249260902405,0.003352206200361252,84.61104583740234,6.800394203310134e-08,1178,1,0.02,False,482.4674072265625,87
2025-11-16T18:11:53.080357,7919,-0.0025504950899630785,0.06394977867603302,0.22318701446056366,0.005162541754543781,89.48006439208984,-2.0272970857604378e-08,1129,1,0.02,False,482.4674072265625,88
2025-11-16T18:11:54.625534,7920,-0.0013190086465328932,0.0896291509270668,0.23770228028297424,0.0015202104113996029,105.27587890625,-2.3464746590207142e-08,1138,1,0.02,False,482.4674072265625,89
2025-11-16T18:11:56.168167,7921,-0.0029995699878782034,0.05259033292531967,0.24461209774017334,0.007285774685442448,77.66387939453125,8.620784797130909e-08,1239,1,0.02,False,482.4674072265625,90
2025-11-16T18:11:57.454728,7922,-0.0024702376686036587,0.05393475666642189,0.251577764749527,0.004846410360187292,81.0248794555664,-1.3408426369210247e-08,1138,1,0.02,False,482.4674072265625,91
2025-11-16T18:11:58.737905,7923,-0.0018801515689119697,0.04780511558055878,0.18777893483638763,0.004049923270940781,52.64505386352539,-8.462061273917243e-09,1127,1,0.02,False,482.4674072265625,92
2025-11-16T18:12:00.022089,7924,-0.001499258098192513,0.09442168474197388,0.27017131447792053,0.0036891712807118893,88.8299331665039,-6.842505939630428e-08,1115,1,0.02,False,482.4674072265625,93
2025-11-16T18:12:01.305165,7925,-0.0031884813215583563,0.03457115590572357,0.2713896930217743,0.005525624845176935,73.46697998046875,4.27990443085946e-08,1025,1,0.02,False,482.4674072265625,94
2025-11-16T18:12:02.588350,7926,-0.0036133998073637486,0.19332055747509003,0.27268490195274353,0.0070375120267271996,130.02362060546875,4.2861767468593825e-08,1068,1,0.02,False,482.4674072265625,95
2025-11-16T18:12:04.125458,7927,-0.0027145000640302896,0.10349471867084503,0.22565215826034546,0.004685911349952221,108.43372344970703,3.208323917647249e-08,1189,1,0.02,False,482.4674072265625,96
2025-11-16T18:12:05.662440,7928,0.0003998813917860389,0.3802216649055481,0.25190219283103943,0.0012897320557385683,212.2762908935547,-2.073205074282214e-08,1196,1,0.02,False,482.4674072265625,97
2025-11-16T18:12:07.198090,7929,-0.0027439200785011053,0.06645486503839493,0.23841078579425812,0.006863461807370186,71.29019165039062,6.526428109054905e-08,1169,1,0.02,False,482.4674072265625,98
2025-11-16T18:12:08.739960,7930,-0.001252624555490911,0.07457230985164642,0.2150670439004898,0.006454737391322851,84.38443756103516,6.25360243589057e-08,1159,1,0.02,False,482.4674072265625,99
2025-11-16T18:12:10.279164,7931,-0.0038126339204609394,0.061374370008707047,0.20387698709964752,0.006666270084679127,75.22309112548828,3.559090089311212e-08,1179,1,0.02,False,482.4674072265625,100
2025-11-16T18:12:11.571057,7932,-0.0005183942266739905,0.1526833176612854,0.1878218948841095,0.0025770359206944704,77.71773529052734,0.0,1155,1,0.02,False,482.4674072265625,101
2025-11-16T18:12:12.858254,7933,-0.0013248714385554194,0.08536199480295181,0.2715471386909485,0.0023165664169937372,124.7275390625,2.0183582805088918e-08,1134,1,0.02,False,482.4674072265625,102
2025-11-16T18:12:14.142613,7934,-0.0019203675910830498,0.0697668045759201,0.2930782735347748,0.004647637717425823,75.12652587890625,-5.325929919308692e-08,1146,1,0.02,False,482.4674072265625,103
2025-11-16T18:12:15.427753,7935,0.0001876154274214059,0.2344299852848053,0.20783266425132751,0.0022902546916157007,111.2049560546875,7.031700022253062e-08,1085,1,0.02,False,482.4674072265625,104
2025-11-16T18:12:16.716247,7936,-0.0020582983270287514,0.11112119257450104,0.19977764785289764,0.0033863172866404057,77.87794494628906,6.686585951598545e-09,1141,1,0.02,False,482.4674072265625,105
2025-11-16T18:12:18.005027,7937,-0.0009419005364179611,0.12954314053058624,0.23537737131118774,0.00364428642205894,133.90528869628906,6.745707104016674e-09,1131,1,0.02,False,482.4674072265625,106
2025-11-16T18:12:19.287196,7938,-0.0019358214922249317,0.1293206810951233,0.24568819999694824,0.003700462868437171,126.7728271484375,-3.390049130302941e-08,1069,1,0.02,False,482.4674072265625,107
2025-11-16T18:12:20.571738,7939,-0.0019323901506140828,0.10159321874380112,0.21121133863925934,0.0037034442648291588,87.73048400878906,-3.369873935454848e-09,1132,1,0.02,False,482.4674072265625,108
2025-11-16T18:12:21.863187,7940,-0.0006113564595580101,0.24726071953773499,0.2564481198787689,0.0032652877271175385,136.77613830566406,-3.358007916176575e-08,1136,1,0.02,False,482.4674072265625,109
2025-11-16T18:12:23.151827,7941,-0.0018266856204718351,0.09037496894598007,0.19179143011569977,0.0046593910083174706,91.67515563964844,1.7324534695717375e-08,1156,1,0.02,False,482.4674072265625,110
2025-11-16T18:12:24.439831,7942,-0.0020321791525930166,0.1756773293018341,0.2491738349199295,0.003216584213078022,119.23987579345703,-2.032698454002002e-08,1126,1,0.02,False,482.4674072265625,111
2025-11-16T18:12:25.729868,7943,-0.0009449999197386205,0.11789927631616592,0.23889529705047607,0.002468276768922806,105.56461334228516,-2.029094225974859e-08,1128,1,0.02,False,482.4674072265625,112
2025-11-16T18:12:27.014865,7944,-0.0017204164760187268,0.20350612699985504,0.2736324369907379,0.003852610941976309,131.447509765625,-6.867141877364702e-08,1111,1,0.02,False,482.4674072265625,113
2025-11-16T18:12:28.556841,7945,-0.0022592449095100164,0.4173056483268738,0.24453137814998627,0.00341956689953804,139.6896209716797,-9.665617994869535e-08,1184,1,0.02,False,482.4674072265625,114
2025-11-16T18:12:29.841001,7946,-0.0012452848022803664,0.07126792520284653,0.24862995743751526,0.0037015180569142103,82.54161834716797,-6.299499943906994e-08,1090,1,0.02,False,482.4674072265625,115
2025-11-16T18:12:31.126674,7947,-0.0022490103729069233,0.14843866229057312,0.2595192492008209,0.003568081883713603,106.06866455078125,7.510622168638292e-08,1092,1,0.02,False,482.4674072265625,116
2025-11-16T18:12:32.410211,7948,-0.001624332508072257,0.19204026460647583,0.26189127564430237,0.0030480804853141308,130.10108947753906,3.2042109410213016e-08,1131,1,0.02,False,482.4674072265625,117
2025-11-16T18:12:33.950510,7949,-0.0012715853517875075,0.07928431034088135,0.1912335455417633,0.003537386655807495,90.2080078125,-4.9541522884055667e-08,1232,1,0.02,False,482.4674072265625,118
2025-11-16T18:12:35.239023,7950,-0.004142767749726772,0.1074770912528038,0.2722107470035553,0.0073889270424842834,71.2107925415039,2.228645001878249e-08,1027,1,0.02,False,482.4674072265625,119
2025-11-16T18:12:36.774734,7951,-0.0035417708568274975,0.12442651391029358,0.27366188168525696,0.006102598272264004,76.00289154052734,-6.07650889605793e-08,1130,1,0.02,False,482.4674072265625,120
2025-11-16T18:12:38.316740,7952,-0.0023997602984309196,0.08165886998176575,0.2478817254304886,0.0044597783125936985,109.80554962158203,-4.2724607851596375e-08,1250,1,0.02,False,482.4674072265625,121
2025-11-16T18:12:39.600922,7953,-0.001817564945667982,0.33249297738075256,0.2613367736339569,0.0038653030060231686,177.03231811523438,7.747451036266284e-08,1034,1,0.02,False,482.4674072265625,122
2025-11-16T18:12:41.138846,7954,-0.0021921778097748756,0.09769953042268753,0.23959942162036896,0.0046195900067687035,101.09452056884766,-9.116588017832328e-08,1203,1,0.02,False,482.4674072265625,123
2025-11-16T18:12:42.423857,7955,-0.00047967920545488596,0.27576926350593567,0.2186090052127838,0.0019202391849830747,133.96665954589844,1.3808858945196789e-08,1105,1,0.02,False,482.4674072265625,124
2025-11-16T18:12:43.710471,7956,-0.0036982048768550158,0.1037927120923996,0.18465973436832428,0.006274753715842962,82.8306655883789,-7.038186922159184e-09,1084,1,0.02,False,482.4674072265625,125
2025-11-16T18:12:44.994337,7957,-0.002136746421456337,0.06853486597537994,0.2732924818992615,0.00425345404073596,78.3526382446289,4.772632777871877e-08,1119,1,0.02,False,482.4674072265625,126
2025-11-16T18:12:46.281114,7958,-0.0036216964945197105,0.05274581536650658,0.23436804115772247,0.005635401699692011,70.4953842163086,-2.1731404231672968e-08,1141,1,0.02,False,482.4674072265625,127
2025-11-16T18:12:47.571877,7959,-0.0020266224164515734,0.0810602530837059,0.253335565328598,0.004546711686998606,102.15397644042969,6.611260516820039e-08,1154,1,0.02,False,482.4674072265625,128
2025-11-16T18:12:48.863317,7960,-0.0010207775048911572,0.2646018862724304,0.23964104056358337,0.004288879223167896,118.94674682617188,1.1006958899884012e-08,1213,1,0.02,False,482.4674072265625,129
2025-11-16T18:12:50.153289,7961,-0.004279122222214937,0.12603482604026794,0.28154200315475464,0.007370219100266695,96.98785400390625,-6.454648371345684e-09,1182,1,0.02,False,482.4674072265625,130
2025-11-16T18:12:51.442075,7962,-0.0012012594379484653,0.3566927909851074,0.26173484325408936,0.003556440817192197,155.60205078125,3.2913696212943933e-09,1159,1,0.02,False,482.4674072265625,131
2025-11-16T18:12:52.727779,7963,-0.001412630663253367,0.14931227266788483,0.23452746868133545,0.003535285359248519,121.91183471679688,7.572599969307703e-08,1209,1,0.02,False,482.4674072265625,132
2025-11-16T18:12:54.266134,7964,-0.001970191951841116,0.05932248383760452,0.22451557219028473,0.0037419982254505157,71.0929946899414,1.128608673184317e-07,1183,1,0.02,False,482.4674072265625,133
2025-11-16T18:12:55.804473,7965,-0.0017332254210487008,0.21911105513572693,0.20153437554836273,0.0035911230370402336,146.3078155517578,6.044414391226383e-08,1136,1,0.02,False,482.4674072265625,134
2025-11-16T18:12:57.343572,7966,-0.003598310286179185,0.1062965840101242,0.23634567856788635,0.006715238559991121,97.01610565185547,2.0374308462578483e-08,1217,1,0.02,False,482.4674072265625,135
2025-11-16T18:12:58.628645,7967,-0.0015365523286163807,0.12568803131580353,0.24462129175662994,0.0066427867859601974,89.9001235961914,2.884459249230531e-08,1058,1,0.02,False,482.4674072265625,136
2025-11-16T18:12:59.914495,7968,-0.0028194093611091375,0.20320799946784973,0.241078183054924,0.0003527742519509047,112.05574035644531,1.2962563467056043e-08,1030,1,0.02,False,482.4674072265625,137
2025-11-16T18:13:01.453540,7969,-0.0011347007239237428,0.14989131689071655,0.21103006601333618,0.0045522782020270824,100.20752716064453,-4.74858596888339e-09,1205,1,0.02,False,482.4674072265625,138
2025-11-16T18:13:02.996138,7970,-0.0025081064086407423,0.11406945437192917,0.2626456320285797,0.008466693572700024,81.28799438476562,6.336706270815284e-09,1204,1,0.02,False,482.4674072265625,139
2025-11-16T18:13:04.533676,7971,-0.0014641147572547197,0.062195777893066406,0.23308013379573822,0.004735761322081089,70.14984130859375,4.6348255011707806e-08,1214,1,0.02,False,482.4674072265625,140
2025-11-16T18:13:05.823055,7972,-0.0009767718147486448,0.23128755390644073,0.2169143259525299,0.002427988452836871,156.7866973876953,1.3697297518433516e-08,1114,1,0.02,False,482.4674072265625,141
2025-11-16T18:13:07.109682,7973,-0.0024584252387285233,0.27866002917289734,0.2539363503456116,0.004795396700501442,120.7398681640625,4.5030155604308675e-08,1186,1,0.02,False,482.4674072265625,142
2025-11-16T18:13:08.395267,7974,-0.0011798791820183396,0.23698222637176514,0.2283683568239212,0.003950279206037521,136.689453125,-6.649769801470029e-08,1176,1,0.02,False,482.4674072265625,143
2025-11-16T18:13:09.682927,7975,-0.001267161569558084,0.19077642261981964,0.22241076827049255,0.0033120932057499886,100.06546783447266,5.819029524900543e-08,1180,1,0.02,False,482.4674072265625,144
2025-11-16T18:13:10.970975,7976,-0.0022843992337584496,0.09485148638486862,0.24903111159801483,0.004537728149443865,66.00350189208984,4.537447750863066e-08,1177,1,0.02,False,482.4674072265625,145
2025-11-16T18:13:12.257937,7977,-0.0038478223141282797,0.10961746424436569,0.18239621818065643,0.006249533966183662,75.2468032836914,1.9347577762118817e-08,1183,1,0.02,False,482.4674072265625,146
2025-11-16T18:13:13.545605,7978,-0.0005215175915509462,0.3809756338596344,0.20752835273742676,0.0033738557249307632,136.5613250732422,5.127281355044033e-08,1116,1,0.02,False,482.4674072265625,147
2025-11-16T18:13:14.832298,7979,-0.0029930516611784697,0.07305705547332764,0.24016204476356506,0.006750440690666437,68.5499496459961,-1.3075226235059745e-08,1167,1,0.02,False,482.4674072265625,148
2025-11-16T18:13:16.122715,7980,-0.0009078842704184353,0.3720202147960663,0.2248353362083435,0.0026371802669018507,177.76190185546875,2.7362807131225964e-08,1185,1,0.02,False,482.4674072265625,149
2025-11-16T18:13:17.411190,7981,-0.0005399173242039979,0.8207780718803406,0.22168181836605072,0.003212867071852088,202.00994873046875,1.942969873880429e-08,1178,1,0.02,False,482.4674072265625,150
2025-11-16T18:13:18.702869,7982,-0.0018830772023648024,0.15583468973636627,0.2431618869304657,0.0037446077913045883,93.55327606201172,-1.5763211846930858e-09,1210,1,0.02,False,482.4674072265625,151
2025-11-16T18:13:19.993637,7983,-0.002707959385588765,0.16147755086421967,0.23448295891284943,0.004481119569391012,76.17343139648438,-2.3941614912814657e-08,1195,1,0.02,False,482.4674072265625,152
2025-11-16T18:13:21.280501,7984,-0.0014282589545473456,0.4355117976665497,0.2490607351064682,0.0037177707999944687,142.0012969970703,-6.482068215518666e-08,1177,1,0.02,False,482.4674072265625,153
2025-11-16T18:13:22.564420,7985,-0.0005342217045836151,0.34004393219947815,0.27255529165267944,0.0023292992264032364,148.21116638183594,-3.282244165347947e-08,1046,1,0.02,False,482.4674072265625,154
2025-11-16T18:13:24.103366,7986,-0.0017376940231770277,0.34933167695999146,0.22540834546089172,0.0037093081045895815,119.27706146240234,8.676937568452558e-08,1209,1,0.02,False,482.4674072265625,155
2025-11-16T18:13:25.642935,7987,-0.0018679930362850428,0.16384856402873993,0.21711358428001404,0.004619973711669445,88.44265747070312,1.7586618383802488e-08,1193,1,0.02,False,482.4674072265625,156
2025-11-16T18:13:27.183120,7988,-0.0009604482329450548,0.2826691269874573,0.24231626093387604,0.0038136073853820562,105.23332977294922,-6.233165539271113e-09,1224,1,0.02,False,482.4674072265625,157
2025-11-16T18:13:28.717031,7989,-0.002005517017096281,0.11972209811210632,0.24507354199886322,0.006113836076110601,82.01945495605469,3.627670608352673e-08,1183,1,0.02,False,482.4674072265625,158
2025-11-16T18:13:30.261290,7990,-0.002906824927777052,0.1314694732427597,0.2101876437664032,0.0071429177187383175,86.51551055908203,6.357828929992593e-09,1200,1,0.02,False,482.4674072265625,159
2025-11-16T18:13:31.802641,7991,-0.0014615807449445128,0.07363993674516678,0.25826573371887207,0.006349950097501278,74.697265625,2.8826427467265603e-08,1191,1,0.02,False,482.4674072265625,160
2025-11-16T18:13:33.341546,7992,-0.001137706101872027,0.2608388364315033,0.23580540716648102,0.0036501220893114805,134.52622985839844,5.7993709390302683e-08,1184,1,0.02,False,482.4674072265625,161
2025-11-16T18:13:34.630052,7993,-0.0027868528850376606,0.14048346877098083,0.2682622969150543,0.006029742769896984,90.67675018310547,-8.528128603302321e-08,1163,1,0.02,False,482.4674072265625,162
2025-11-16T18:13:35.914971,7994,-0.001553151523694396,0.320801317691803,0.2062387615442276,0.003448373870924115,152.90728759765625,-4.734553016305654e-08,1128,1,0.02,False,482.4674072265625,163
2025-11-16T18:13:37.201073,7995,-0.0006924283807165921,0.1328577697277069,0.19460029900074005,0.0018651955761015415,62.50634765625,-3.843523543878291e-08,1191,1,0.02,False,482.4674072265625,164
2025-11-16T18:13:38.491001,7996,-0.0020964154973626137,0.1590723842382431,0.2633053958415985,0.004741191398352385,104.88339233398438,-7.681695279870837e-08,1167,1,0.02,False,482.4674072265625,165
2025-11-16T18:13:39.780544,7997,-0.002216431312263012,0.1835407018661499,0.23488649725914001,0.0049215457402169704,77.55149841308594,9.781275345233098e-09,1170,1,0.02,False,482.4674072265625,166
2025-11-16T18:13:41.070617,7998,-0.001865472993813455,0.15482482314109802,0.24918608367443085,0.0038788975216448307,91.30965423583984,6.142829800381833e-09,1242,1,0.02,False,482.4674072265625,167
2025-11-16T18:13:42.360440,7999,-0.0026288351509720087,0.48323363065719604,0.24670732021331787,0.0045654126442968845,122.45529174804688,-6.46011386606915e-08,1181,1,0.02,False,482.4674072265625,168
2025-11-16T18:13:43.653262,8000,-0.0016775630647316575,1.076124668121338,0.2438710778951645,0.0037583038210868835,143.91775512695312,1.9025922171067577e-08,1203,1,0.02,False,482.4674072265625,169
2025-11-16T18:13:44.940805,8001,-0.0007935288012959063,0.7040648460388184,0.2565881311893463,0.00223680236376822,180.47686767578125,2.5516369461797694e-08,1196,1,0.02,False,482.4674072265625,170
2025-11-16T18:13:46.228156,8002,-0.00044494966277852654,0.8081781268119812,0.23822367191314697,0.0013371630338951945,262.0350341796875,-8.78153194605602e-09,1086,1,0.02,False,482.4674072265625,171
2025-11-16T18:13:47.764731,8003,-0.0027033560909330845,0.5691598057746887,0.24714507162570953,0.005967689212411642,146.2449493408203,8.059219425149422e-08,1136,1,0.02,False,482.4674072265625,172
2025-11-16T18:13:49.308890,8004,-0.001710407668724656,0.22531025111675262,0.2646174728870392,0.0034195880871266127,90.61500549316406,-2.8850651645484504e-08,1190,1,0.02,False,482.4674072265625,173
2025-11-16T18:13:50.592749,8005,-0.000584048277232796,0.445590078830719,0.26578637957572937,0.0016163040418177843,175.62696838378906,1.8499987319842148e-08,1031,1,0.02,False,482.4674072265625,174
2025-11-16T18:13:52.133050,8006,-0.000516565574798733,0.814480721950531,0.24820469319820404,0.0025982928927987814,156.88278198242188,7.759758346992385e-08,1229,1,0.02,False,482.4674072265625,175
2025-11-16T18:13:53.673827,8007,-0.001950841979123652,0.21393635869026184,0.2517147958278656,0.004452782217413187,123.92493438720703,-2.748780936201456e-08,1249,1,0.02,False,482.4674072265625,176
2025-11-16T18:13:54.963939,8008,-0.00220072316005826,0.18700982630252838,0.25022566318511963,0.004512614570558071,126.96855926513672,1.9479305279901382e-08,1175,1,0.02,False,482.4674072265625,177
2025-11-16T18:13:56.254470,8009,-0.002694729482755065,0.08087659627199173,0.23955006897449493,0.005351551342755556,66.52124786376953,-3.7071887781792157e-09,1029,1,0.02,False,482.4674072265625,178
2025-11-16T18:13:57.795692,8010,-0.0019430099055171013,0.33309727907180786,0.21772857010364532,0.0018007293110713363,121.8026123046875,1.3108925500660007e-08,1164,1,0.02,False,482.4674072265625,179
2025-11-16T18:13:59.083622,8011,-0.001701568835414946,0.37998339533805847,0.23859012126922607,0.00466193025931716,145.32481384277344,-2.9268777623769893e-08,1173,1,0.02,False,482.4674072265625,180
2025-11-16T18:14:00.367899,8012,-0.002899967832490802,0.09646874666213989,0.23119598627090454,0.006662883795797825,61.50320816040039,-2.5215184606963703e-08,1059,1,0.02,False,482.4674072265625,181
2025-11-16T18:14:01.905956,8013,-0.0010915484745055437,0.24901890754699707,0.23510140180587769,0.002704612910747528,127.9876708984375,5.378466028105322e-08,1188,1,0.02,False,482.4674072265625,182
2025-11-16T18:14:03.191239,8014,-0.00042501732241362333,0.16293221712112427,0.19144706428050995,0.0024049498606473207,87.55120086669922,1.3120197372984421e-08,1163,1,0.02,False,482.4674072265625,183
2025-11-16T18:14:04.478755,8015,-0.0028213041368871927,0.11116433888673782,0.2418031543493271,0.005743705201894045,63.6019172668457,-6.504172755938953e-09,1173,1,0.02,False,482.4674072265625,184
2025-11-16T18:14:05.764456,8016,-0.0023566449526697397,0.06899122893810272,0.2592480182647705,0.005146389827132225,59.99884033203125,-8.79274182352674e-08,1128,1,0.02,False,482.4674072265625,185
2025-11-16T18:14:07.302324,8017,-0.0010031512938439846,0.29836520552635193,0.1972758024930954,0.002226969227194786,144.5758819580078,-6.520850082125662e-09,1170,1,0.02,False,482.4674072265625,186
2025-11-16T18:14:08.839156,8018,-0.002014906844124198,0.17885492742061615,0.18750308454036713,0.00613955594599247,93.57339477539062,-2.6864064750498073e-08,1136,1,0.02,False,482.4674072265625,187
2025-11-16T18:14:10.122126,8019,-0.0030813945923000574,0.10565785318613052,0.2538120448589325,0.007527584210038185,87.54944610595703,2.9343825147520874e-08,1040,1,0.02,False,482.4674072265625,188
2025-11-16T18:14:11.412002,8020,-0.001753448974341154,0.25730499625205994,0.2444874495267868,0.0054227751679718494,110.22602081298828,-3.589535424453061e-08,1169,1,0.02,False,482.4674072265625,189
2025-11-16T18:14:12.701409,8021,-0.003079401096329093,0.12770676612854004,0.25127819180488586,0.0047165704891085625,89.11941528320312,2.113405628278997e-08,1083,1,0.02,False,482.4674072265625,190
2025-11-16T18:14:13.990701,8022,-0.0020709862001240253,0.2429674118757248,0.2506392300128937,0.004919202532619238,107.11717987060547,0.0,1139,1,0.02,False,482.4674072265625,191
2025-11-16T18:14:15.276438,8023,-0.001925523392856121,0.14906951785087585,0.21444381773471832,0.0037679856177419424,93.68902587890625,2.8343468017055784e-08,1144,1,0.02,False,482.4674072265625,192
2025-11-16T18:14:16.814254,8024,-0.0018375922227278352,0.18951265513896942,0.22583964467048645,0.005367368459701538,85.8698501586914,6.357829107628277e-08,1200,1,0.02,False,482.4674072265625,193
2025-11-16T18:14:18.350363,8025,-0.0019215389620512724,0.46416589617729187,0.24994157254695892,0.002788955345749855,143.47119140625,3.980553842097834e-08,1150,1,0.02,False,482.4674072265625,194
2025-11-16T18:14:19.888518,8026,-0.001213747076690197,0.2675844132900238,0.1856401413679123,0.0018179734470322728,118.33441925048828,-1.6372091460326033e-09,1165,1,0.02,False,482.4674072265625,195
2025-11-16T18:14:21.426447,8027,-0.0014322380302473903,0.14128796756267548,0.2683607339859009,0.006705082021653652,98.97199249267578,4.7560714477867805e-08,1163,1,0.02,False,482.4674072265625,196
2025-11-16T18:14:22.962703,8028,-0.0021937263663858175,0.3851794898509979,0.25874245166778564,0.006222078576683998,165.17738342285156,-8.995355926799675e-08,1145,1,0.02,False,482.4674072265625,197
2025-11-16T18:14:24.501262,8029,-0.0007300291326828301,0.9697157144546509,0.23854805529117584,0.006289258133620024,188.18911743164062,5.212224962747314e-08,1171,1,0.02,False,482.4674072265625,198
2025-11-16T18:14:26.049906,8030,-0.0008613513200543821,0.33545586466789246,0.24423851072788239,0.005201691761612892,105.49059295654297,1.3396654452435541e-08,1139,1,0.02,False,482.4674072265625,199
2025-11-16T18:14:27.586746,8031,-0.0011895224452018738,0.30837786197662354,0.2444688379764557,0.004543164744973183,113.17155456542969,8.977751519978483e-08,1126,1,0.02,False,482.4674072265625,200
2025-11-16T18:14:28.869883,8032,-0.0022060114424675703,0.24160055816173553,0.23965239524841309,0.005339892115443945,57.6685905456543,-1.1164967617105503e-08,1025,1,0.02,False,482.4674072265625,201
2025-11-16T18:14:30.154146,8033,-0.0020643030293285847,0.12632139027118683,0.22072531282901764,0.004777761176228523,93.72294616699219,5.44956755277326e-08,1120,1,0.02,False,482.4674072265625,202
2025-11-16T18:14:31.439866,8034,-0.0011460770620033145,0.2579720914363861,0.27037420868873596,0.002625191817060113,100.56021118164062,-4.188139612892883e-08,1093,1,0.02,False,482.4674072265625,203
2025-11-16T18:14:32.726749,8035,0.00014729546091984957,0.4844088554382324,0.22538411617279053,0.0015888878842815757,139.8074188232422,3.743235410524903e-08,1121,1,0.02,False,482.4674072265625,204
2025-11-16T18:14:34.011984,8036,-0.0016089084092527628,0.236374631524086,0.21729160845279694,0.004374739248305559,81.67192077636719,-4.926730667875745e-08,1084,1,0.02,False,482.4674072265625,205
2025-11-16T18:14:35.297837,8037,-0.0016029550461098552,0.20038889348506927,0.2273302525281906,0.004672232083976269,100.39168548583984,-3.476526089229992e-08,1207,1,0.02,False,482.4674072265625,206
2025-11-16T18:14:36.587909,8038,-0.0014720812905579805,0.5862104892730713,0.2447374016046524,0.003657369175925851,151.1861572265625,6.6400298592839135e-09,1149,1,0.02,False,482.4674072265625,207
2025-11-16T18:14:37.873005,8039,-0.0033790930174291134,0.2512397766113281,0.24011236429214478,0.007319228257983923,112.34495544433594,-5.5790820852053e-08,1094,1,0.02,False,482.4674072265625,208
2025-11-16T18:14:39.164788,8040,6.740456592524424e-05,0.2352634221315384,0.2433660924434662,0.0033750575967133045,124.01860046386719,3.23279425451517e-09,1180,1,0.02,False,482.4674072265625,209
2025-11-16T18:14:40.702457,8041,-0.0006131267873570323,0.259331077337265,0.24464836716651917,0.00376922101713717,66.95940399169922,4.812486054106557e-08,1189,1,0.02,False,482.4674072265625,210
2025-11-16T18:14:42.238949,8042,-0.003092389088124037,0.11204473674297333,0.23254179954528809,0.005873679183423519,65.91088104248047,6.537612762258505e-08,1167,1,0.02,False,482.4674072265625,211
2025-11-16T18:14:43.526376,8043,-0.0006937971338629723,0.7064269185066223,0.26388609409332275,0.0014455459313467145,228.1292266845703,1.1089235840699985e-07,1032,1,0.02,False,482.4674072265625,212
2025-11-16T18:14:44.811563,8044,-0.0010464087827131152,1.0987768173217773,0.21507705748081207,0.0033670845441520214,193.98577880859375,-2.9428715464518973e-08,1037,1,0.02,False,482.4674072265625,213
2025-11-16T18:14:46.349789,8045,-0.0012378672836348414,1.1718531847000122,0.22416451573371887,0.003438385669142008,213.7550506591797,-1.0121916460548164e-07,1206,1,0.02,False,482.4674072265625,214
2025-11-16T18:14:47.633770,8046,3.982180351158604e-05,0.5852224230766296,0.23749293386936188,0.0017762124771252275,153.94863891601562,6.643377048476395e-08,1091,1,0.02,False,482.4674072265625,215
2025-11-16T18:14:48.918415,8047,-0.001930435304529965,1.3452261686325073,0.24283452332019806,0.007667102385312319,154.09201049804688,5.5739867832471646e-08,1095,1,0.02,False,482.4674072265625,216
2025-11-16T18:14:50.207117,8048,-0.0022976009640842676,0.21741436421871185,0.24396613240242004,0.0035376620944589376,90.39079284667969,-2.5645023882248097e-08,1190,1,0.02,False,482.4674072265625,217
2025-11-16T18:14:51.492146,8049,-0.0012800723779946566,0.26490291953086853,0.23443537950515747,0.0036364784464240074,96.21512603759766,-1.2964136431037332e-08,1177,1,0.02,False,482.4674072265625,218
2025-11-16T18:14:52.786542,8050,-0.002653200877830386,0.19476288557052612,0.23318976163864136,0.005698964931070805,100.65693664550781,0.0,1185,1,0.02,False,482.4674072265625,219
2025-11-16T18:14:54.076104,8051,-0.001997719518840313,0.38922119140625,0.24787376821041107,0.0031078271567821503,139.01095581054688,1.1663642851544864e-07,1112,1,0.02,False,482.4674072265625,220
2025-11-16T18:14:55.363780,8052,-0.0025713227223604918,0.1478479504585266,0.23037274181842804,0.00505173159763217,78.56082153320312,-1.3759052563955265e-08,1109,1,0.02,False,482.4674072265625,221
2025-11-16T18:14:56.651862,8053,-0.003039222676306963,0.16057009994983673,0.2835327684879303,0.0063528018072247505,89.5737075805664,3.9462385359456675e-08,1160,1,0.02,False,482.4674072265625,222
2025-11-16T18:14:57.935278,8054,-0.004049201961606741,0.26862940192222595,0.23690703511238098,0.005802411586046219,84.0920181274414,-5.981828365975161e-08,1116,1,0.02,False,482.4674072265625,223
2025-11-16T18:14:59.223755,8055,-0.003843615995720029,0.06944630295038223,0.2602969706058502,0.007776931393891573,60.07102584838867,-5.3822887480237114e-08,1134,1,0.02,False,482.4674072265625,224
2025-11-16T18:15:00.512689,8056,-0.001372521510347724,0.3129137456417084,0.2388029545545578,0.003597723552957177,100.20579528808594,-1.3455721870059278e-08,1134,1,0.02,False,482.4674072265625,225
2025-11-16T18:15:01.801544,8057,-0.0021243963856250048,0.6102823615074158,0.22886642813682556,0.004415440373122692,165.33535766601562,5.8141022662994146e-08,1181,1,0.02,False,482.4674072265625,226
2025-11-16T18:15:03.088181,8058,-0.0030261564534157515,0.15301847457885742,0.22501152753829956,0.0057807257398962975,87.1768569946289,-2.4187393421470915e-08,1104,1,0.02,False,482.4674072265625,227
2025-11-16T18:15:04.373679,8059,-0.0037213899195194244,0.20128454267978668,0.2636873126029968,0.005764748901128769,97.71418762207031,-4.07263058832541e-08,1124,1,0.02,False,482.4674072265625,228
2025-11-16T18:15:05.664166,8060,-0.000620968930888921,0.187599778175354,0.24318456649780273,0.0038690692745149136,104.36445617675781,-9.419005664312863e-08,1134,1,0.02,False,482.4674072265625,229
2025-11-16T18:15:06.954871,8061,-0.003387779463082552,0.1873350441455841,0.231794536113739,0.005886220373213291,80.72940826416016,5.990823837009884e-08,1178,1,0.02,False,482.4674072265625,230
2025-11-16T18:15:08.242047,8062,-0.0012368987081572413,0.289244145154953,0.20723412930965424,0.003264613216742873,113.29193115234375,-3.134508830271443e-08,1217,1,0.02,False,482.4674072265625,231
2025-11-16T18:15:09.530385,8063,-0.0012632189318537712,0.5221743583679199,0.24389906227588654,0.0026105763390660286,151.99929809570312,-1.644266056644028e-08,1160,1,0.02,False,482.4674072265625,232
2025-11-16T18:15:10.820652,8064,-0.002254560124129057,0.24985778331756592,0.23980292677879333,0.0062330858781933784,92.67191314697266,1.0319289422966449e-08,1109,1,0.02,False,482.4674072265625,233
2025-11-16T18:15:12.106191,8065,-0.0025483134668320417,0.12016357481479645,0.27355602383613586,0.00634353281930089,64.07763671875,3.6504279599114398e-09,1045,1,0.02,False,482.4674072265625,234
2025-11-16T18:15:13.643967,8066,-0.002079023513942957,0.25946247577667236,0.20388156175613403,0.006289237644523382,86.60508728027344,-3.773814327701075e-08,1213,1,0.02,False,482.4674072265625,235
2025-11-16T18:15:14.931868,8067,-0.0030721717048436403,0.35110580921173096,0.20026664435863495,0.005452912766486406,97.22405242919922,-9.243441922990314e-08,1073,1,0.02,False,482.4674072265625,236
2025-11-16T18:15:16.216754,8068,-0.003174522891640663,0.16610772907733917,0.22795407474040985,0.004869058262556791,85.21892547607422,-7.143627911432304e-09,1068,1,0.02,False,482.4674072265625,237
2025-11-16T18:15:17.500704,8069,-0.0012279965449124575,0.43720176815986633,0.2871474027633667,0.004313881043344736,102.51608276367188,1.0837208463954084e-08,1056,1,0.02,False,482.4674072265625,238
2025-11-16T18:15:19.046812,8070,0.001924376585520804,1.4307266473770142,0.253634512424469,0.002040168270468712,182.7410430908203,-6.637004190679363e-08,1207,1,0.02,False,482.4674072265625,239
2025-11-16T18:15:20.586886,8071,-0.00184550229460001,0.5492442846298218,0.25675126910209656,0.005500183906406164,122.43524932861328,-8.116377614442172e-08,1222,1,0.02,False,482.4674072265625,240
2025-11-16T18:15:22.125356,8072,-0.0009838073747232556,0.38857561349868774,0.18052567541599274,0.0020811744034290314,119.13365173339844,1.2631447887656577e-08,1208,1,0.02,False,482.4674072265625,241
2025-11-16T18:15:23.412281,8073,-0.0020090972539037466,0.19576580822467804,0.27148041129112244,0.0038154658395797014,84.67572021484375,-7.183987182912688e-09,1062,1,0.02,False,482.4674072265625,242
2025-11-16T18:15:24.950094,8074,-0.003349427366629243,0.16089534759521484,0.2196500599384308,0.006734514608979225,81.3955307006836,9.977412673833896e-09,1147,1,0.02,False,482.4674072265625,243
2025-11-16T18:15:26.483681,8075,-0.002398087177425623,0.31816959381103516,0.24081051349639893,0.005816127639263868,125.59512329101562,-1.5044818724163633e-08,1141,1,0.02,False,482.4674072265625,244
2025-11-16T18:15:28.018761,8076,-0.0030418219976127148,0.1397465616464615,0.21668705344200134,0.007111713290214539,78.23653411865234,1.5685433396583903e-08,1216,1,0.02,False,482.4674072265625,245
2025-11-16T18:15:29.551659,8077,-0.002347923582419753,0.20084898173809052,0.21481408178806305,0.0051416922360658646,94.58544921875,3.2300568886256542e-09,1181,1,0.02,False,482.4674072265625,246
2025-11-16T18:15:31.108935,8078,-0.0030096773989498615,0.1610216349363327,0.22956432402133942,0.00471568014472723,82.13931274414062,4.6257444097363987e-08,1237,1,0.02,False,482.4674072265625,247
2025-11-16T18:15:32.394761,8079,-0.0009500507148914039,0.21516089141368866,0.24380551278591156,0.004130550194531679,95.61100769042969,1.6984404993536373e-08,1123,1,0.02,False,482.4674072265625,248
2025-11-16T18:15:33.682982,8080,-0.0019050465198233724,0.4435048997402191,0.2149556428194046,0.007033264730125666,105.96796417236328,-3.9770952753315214e-08,1151,1,0.02,False,482.4674072265625,249
2025-11-16T18:15:34.969552,8081,-0.00034051394322887063,0.8651798367500305,0.25855255126953125,0.002395592164248228,218.5890655517578,6.4274594535618235e-09,1187,1,0.02,False,482.4674072265625,250
2025-11-16T18:15:36.505394,8082,-0.003206350840628147,0.19276659190654755,0.20074130594730377,0.005913311615586281,88.3322982788086,-1.3280059718567827e-08,1149,1,0.02,False,482.4674072265625,251
2025-11-16T18:15:38.037981,8083,-0.000998567440547049,0.5133928656578064,0.23576481640338898,0.0023996089585125446,162.0537109375,1.2125755688430218e-07,1164,1,0.02,False,482.4674072265625,252
2025-11-16T18:15:39.573152,8084,-0.0018622312927618623,0.3869871497154236,0.2338925153017044,0.003683927934616804,115.42272186279297,5.372812950099615e-08,1136,1,0.02,False,482.4674072265625,253
2025-11-16T18:15:41.106653,8085,-0.0025791919324547052,0.8319213390350342,0.22325526177883148,0.004047325346618891,190.7573699951172,9.411259327407606e-09,1216,1,0.02,False,482.4674072265625,254
2025-11-16T18:15:42.642270,8086,-0.0008659261511638761,0.48562243580818176,0.23421838879585266,0.005491258110851049,126.47565460205078,6.363131177522519e-08,1199,1,0.02,False,482.4674072265625,255
2025-11-16T18:15:43.928727,8087,0.0003347667516209185,0.6463821530342102,0.21318842470645905,0.004874059464782476,143.18246459960938,-6.560098686492211e-09,1163,1,0.02,False,482.4674072265625,256
2025-11-16T18:15:45.214666,8088,-0.0015808820025995374,0.6809402704238892,0.23852668702602386,0.007616261951625347,179.94998168945312,1.1859162185601235e-07,1158,1,0.02,False,482.4674072265625,257
2025-11-16T18:15:46.497488,8089,-0.003982353489845991,0.171343132853508,0.22918276488780975,0.007229186128824949,90.07756805419922,-6.680730635366672e-09,1142,1,0.02,False,482.4674072265625,258
2025-11-16T18:15:48.036599,8090,-0.0006973786512389779,0.2317800521850586,0.2607642412185669,0.006036926526576281,89.84880065917969,-1.2610569477544686e-08,1210,1,0.02,False,482.4674072265625,259
2025-11-16T18:15:49.580542,8091,-0.0024087640922516584,0.17001822590827942,0.21013039350509644,0.007730855140835047,91.69547271728516,4.37696954236344e-08,1133,1,0.02,False,482.4674072265625,260
2025-11-16T18:15:51.117465,8092,-0.0021871908102184534,0.4264301657676697,0.26553788781166077,0.005150004755705595,106.84679412841797,-4.537447750863066e-08,1177,1,0.02,False,482.4674072265625,261
2025-11-16T18:15:52.651382,8093,-0.002477067057043314,0.19877591729164124,0.24402488768100739,0.004428569693118334,77.37565612792969,-5.789591028815266e-08,1186,1,0.02,False,482.4674072265625,262
2025-11-16T18:15:53.928751,8094,-0.0019389442168176174,0.4699283540248871,0.28140339255332947,0.003406039671972394,117.18115234375,-3.106993418100501e-08,1105,1,0.02,False,482.4674072265625,263
2025-11-16T18:15:55.212211,8095,-0.0017103991704061627,0.32837551832199097,0.27344033122062683,0.0042201983742415905,126.82904815673828,0.0,1150,1,0.02,False,482.4674072265625,264
2025-11-16T18:15:56.744073,8096,-0.0030911581125110388,0.16285131871700287,0.27862241864204407,0.006663796957582235,57.176231384277344,-1.928237836068547e-08,1187,1,0.02,False,482.4674072265625,265
2025-11-16T18:15:58.028673,8097,-0.0031420367304235697,0.16745427250862122,0.25733616948127747,0.006409232970327139,89.22792053222656,-4.6929493180414283e-08,1138,1,0.02,False,482.4674072265625,266
2025-11-16T18:15:59.309671,8098,-0.0019175177440047264,0.5559924244880676,0.24965107440948486,0.0018369164317846298,145.81005859375,0.0,1116,1,0.02,False,482.4674072265625,267
2025-11-16T18:16:00.588878,8099,-0.0034697509836405516,0.6895190477371216,0.2230740487575531,0.004636658355593681,132.38858032226562,1.0870019195863279e-07,1123,1,0.02,False,482.4674072265625,268
2025-11-16T18:16:01.872076,8100,-0.004543027840554714,0.3097272515296936,0.23657160997390747,0.007306141313165426,103.46882629394531,4.8113300010754756e-08,1110,1,0.02,False,482.4674072265625,269
2025-11-16T18:16:03.158770,8101,-0.004113220144063234,0.6273999810218811,0.21724843978881836,0.004535546991974115,134.3458709716797,-8.448221677781476e-08,1174,1,0.02,False,482.4674072265625,270
2025-11-16T18:16:04.438395,8102,-0.0025892192497849464,0.17182891070842743,0.23326976597309113,0.004972502589225769,95.88054656982422,6.990283196728342e-08,1146,1,0.02,False,482.4674072265625,271
2025-11-16T18:16:05.731087,8103,-0.0008936875383369625,0.1869894117116928,0.22335878014564514,0.0025269826874136925,93.09783935546875,6.858616785621052e-08,1168,1,0.02,False,482.4674072265625,272
2025-11-16T18:16:07.015012,8104,-0.0010807893704622984,0.2870142459869385,0.20790064334869385,0.0037941678892821074,108.35427856445312,-4.6480209903165814e-08,1149,1,0.02,False,482.4674072265625,273
2025-11-16T18:16:08.294446,8105,-0.0008098747348412871,0.5408597588539124,0.28941282629966736,0.002801058813929558,118.70652770996094,-2.4143654187014363e-08,1027,1,0.02,False,482.4674072265625,274
2025-11-16T18:16:09.574585,8106,-0.0013215785147622228,0.2447439730167389,0.207922101020813,0.002261740155518055,102.96961975097656,0.0,1131,1,0.02,False,482.4674072265625,275
2025-11-16T18:16:10.856965,8107,-0.0016734602395445108,0.8420819640159607,0.2211776077747345,0.0033509486820548773,140.74903869628906,-1.3491414208033348e-08,1131,1,0.02,False,482.4674072265625,276
2025-11-16T18:16:12.141925,8108,-0.002256970852613449,0.2217632532119751,0.2400788515806198,0.003828935557976365,101.6589126586914,-9.263792577485219e-08,1153,1,0.02,False,482.4674072265625,277
2025-11-16T18:16:13.426581,8109,-0.0017141313292086124,0.36468592286109924,0.23921245336532593,0.002367457142099738,126.48018646240234,2.674634380639418e-08,1141,1,0.02,False,482.4674072265625,278
2025-11-16T18:16:14.715969,8110,-0.0018784931162372231,0.33318325877189636,0.25580596923828125,0.004134802613407373,114.9588623046875,1.6745818953722846e-08,1139,1,0.02,False,482.4674072265625,279
2025-11-16T18:16:16.001693,8111,-0.002102224389091134,0.44141077995300293,0.24623394012451172,0.0025845952332019806,129.6871795654297,4.991192881220741e-08,1070,1,0.02,False,482.4674072265625,280
2025-11-16T18:16:17.288462,8112,-0.00265316478908062,0.29517537355422974,0.25333455204963684,0.004934618715196848,107.38256072998047,9.882635154667696e-09,1158,1,0.02,False,482.4674072265625,281
2025-11-16T18:16:18.829364,8113,-0.0024671941064298153,0.18329644203186035,0.22716544568538666,0.006462751887738705,85.62251281738281,-6.571399069343897e-08,1161,1,0.02,False,482.4674072265625,282
2025-11-16T18:16:20.370660,8114,-0.001506774453446269,0.34869036078453064,0.2343745231628418,0.0035160176921635866,111.22425079345703,-1.3019444189410478e-08,1172,1,0.02,False,482.4674072265625,283
2025-11-16T18:16:21.907701,8115,-0.003541516372933984,0.49274739623069763,0.2443358302116394,0.007148918230086565,99.27676391601562,-2.5796769165253863e-08,1183,1,0.02,False,482.4674072265625,284
2025-11-16T18:16:23.191860,8116,-0.0015611870912835002,0.1986333727836609,0.25416114926338196,0.006460682488977909,64.4575424194336,-4.0367165610177835e-08,1134,1,0.02,False,482.4674072265625,285
2025-11-16T18:16:24.475384,8117,0.0002766174147836864,0.5654405951499939,0.25015440583229065,0.004318639636039734,153.9336395263672,-6.023206111649415e-08,1140,1,0.02,False,482.4674072265625,286
2025-11-16T18:16:25.761113,8118,-0.0018900210270658135,0.31657642126083374,0.2369670420885086,0.0036877000238746405,107.94770050048828,-3.915857149650037e-08,1169,1,0.02,False,482.4674072265625,287
2025-11-16T18:16:27.045725,8119,0.0010195201030001044,0.6217178702354431,0.2428589165210724,0.0034011334646493196,154.6338348388672,2.9290809777648974e-08,1107,1,0.02,False,482.4674072265625,288
2025-11-16T18:16:28.337288,8120,-0.003696829779073596,0.2230094075202942,0.2570948302745819,0.005147125571966171,85.18873596191406,1.653267567292005e-08,1096,1,0.02,False,482.4674072265625,289
2025-11-16T18:16:29.622207,8121,-0.0007368364604189992,0.32212135195732117,0.16872476041316986,0.004328279756009579,79.52650451660156,1.0586578724769424e-08,1081,1,0.02,False,482.4674072265625,290
2025-11-16T18:16:30.906467,8122,-0.0015563659835606813,0.1830177903175354,0.19181133806705475,0.003367930417880416,83.11001586914062,3.393858705180719e-08,1124,1,0.02,False,482.4674072265625,291
2025-11-16T18:16:32.190181,8123,-0.002561429748311639,0.23237040638923645,0.20780782401561737,0.004759277682751417,80.35691833496094,3.5288596489380097e-09,1081,1,0.02,False,482.4674072265625,292
